﻿pos_x,pos_y,rotation,side,designator,mpn,pack,footprint,value,mount_type
50.01,-92.11,0.0,top,,,,,,tht
60.0,-132.11,0.0,top,,,,,,tht
140.02,-155.28,0.0,top,,,,,,tht
140.02,-127.93,0.0,top,,,,,,tht
230.01,-92.09,0.0,bottom,2,,,,,tht
220.0,-132.12,0.0,bottom,3,,,,,tht
44.273115,-110.100261,180.0,bottom,LED1,,,SK6812-MINI-E,SK6803MINI-E-001,tht
235.7585,-110.101123,180.0,bottom,LED10,,,SK6812-MINI-E,SK6803MINI-E-001,tht
254.8185,-110.121123,180.0,bottom,LED11,,,SK6812-MINI-E,SK6803MINI-E-001,tht
44.298116,-129.15026,180.0,bottom,LED12,,,SK6812-MINI-E,SK6803MINI-E-001,tht
63.345997,-123.151562,180.0,bottom,LED13,,,SK6812-MINI-E,SK6803MINI-E-001,tht
82.391762,-120.077262,180.0,bottom,LED14,,,SK6812-MINI-E,SK6803MINI-E-001,tht
101.438672,-121.621418,180.0,bottom,LED15,,,SK6812-MINI-E,SK6803MINI-E-001,tht
120.475411,-121.609962,180.0,bottom,LED16,,,SK6812-MINI-E,SK6803MINI-E-001,tht
159.551363,-121.60193,180.0,bottom,LED17,,,SK6812-MINI-E,SK6803MINI-E-001,tht
178.594941,-121.611348,180.0,bottom,LED18,,,SK6812-MINI-E,SK6803MINI-E-001,tht
197.644938,-120.096196,180.0,bottom,LED19,,,SK6812-MINI-E,SK6803MINI-E-001,tht
63.320994,-104.106563,180.0,bottom,LED2,,,SK6812-MINI-E,SK6803MINI-E-001,tht
216.68494,-123.166197,180.0,bottom,LED20,,,SK6812-MINI-E,SK6803MINI-E-001,tht
235.758498,-129.161124,180.0,bottom,LED21,,,SK6812-MINI-E,SK6803MINI-E-001,tht
254.818499,-129.161122,180.0,bottom,LED22,,,SK6812-MINI-E,SK6803MINI-E-001,tht
87.455,-148.34,-90.0,bottom,LED23,,,SK6812-MINI-E,SK6803MINI-E-001,tht
106.5,-149.89,-90.0,bottom,LED24,,,SK6812-MINI-E,SK6803MINI-E-001,tht
125.54,-149.89,-90.0,bottom,LED25,,,SK6812-MINI-E,SK6803MINI-E-001,tht
154.46,-149.87,90.0,bottom,LED26,,,SK6812-MINI-E,SK6803MINI-E-001,tht
173.52,-149.89,90.0,bottom,LED27,,,SK6812-MINI-E,SK6803MINI-E-001,tht
192.585001,-148.3,90.0,bottom,LED28,,,SK6812-MINI-E,SK6803MINI-E-001,tht
82.391763,-101.027263,180.0,bottom,LED3,,,SK6812-MINI-E,SK6803MINI-E-001,tht
101.438671,-102.546417,180.0,bottom,LED4,,,SK6812-MINI-E,SK6803MINI-E-001,tht
120.475413,-102.559964,180.0,bottom,LED5,,,SK6812-MINI-E,SK6803MINI-E-001,tht
159.54621,-102.55193,180.0,bottom,LED6,,,SK6812-MINI-E,SK6803MINI-E-001,tht
178.594941,-102.551348,180.0,bottom,LED7,,,SK6812-MINI-E,SK6803MINI-E-001,tht
197.654941,-101.036194,180.0,bottom,LED8,,,SK6812-MINI-E,SK6803MINI-E-001,tht
216.69494,-104.106197,180.0,bottom,LED9,,,SK6812-MINI-E,SK6803MINI-E-001,tht
